,part_per_mass,total_particles,total_mass,agg_part_per_mass,code,x,y,comment
Central Bay,3.3788133741580646,1579,500.4,3.1554756195043967,CB,555693.0,4190807.0,
LABQA,0.095,19,200.0,0.095,LABQA,,,Lab QA
Lower South Bay,21.947975357355567,1787,168.2,10.624256837098693,LSB,581612.0,4148286.0,
San Pablo Bay,2.893779510504656,848,326.0,2.6012269938650308,SPB,553500.0,4213639.0,
South Bay,1.6570123921389746,498,414.0,1.2028985507246377,SB,564992.0,4166840.0,
Southern Sloughs,21.65264512832606,857,54.1,15.841035120147874,SOSL,587722.0,4144760.0," ""FICTION!"""
Suisun Bay,1.5907425352795106,193,194.1,0.994332818134982,SUB,583062.0,4216210.0,
Tomales Bay,0.8030364672764533,241,300.1,0.8030656447850716,TB,509000.0,4223913.0,
